sequence_id,length,hydrophobicity,net_charge,charge_balance,molecular_weight,freq_A,freq_C,freq_D,freq_E,freq_F,freq_G,freq_H,freq_I,freq_K,freq_L,freq_M,freq_N,freq_P,freq_Q,freq_R,freq_S,freq_T,freq_V,freq_W,freq_Y
nb_001,116,-0.26465517241379316,3.0,0.25,12479.70169999999,0.10344827586206896,0.017241379310344827,0.02586206896551724,0.034482758620689655,0.04310344827586207,0.12931034482758622,0.0,0.017241379310344827,0.034482758620689655,0.05172413793103448,0.017241379310344827,0.034482758620689655,0.017241379310344827,0.0603448275862069,0.05172413793103448,0.1206896551724138,0.06896551724137931,0.07758620689655173,0.02586206896551724,0.06896551724137931
nb_002,116,-0.33879310344827573,1.0,0.5,12445.599399999992,0.10344827586206896,0.017241379310344827,0.034482758620689655,0.04310344827586207,0.034482758620689655,0.13793103448275862,0.0,0.017241379310344827,0.034482758620689655,0.05172413793103448,0.017241379310344827,0.04310344827586207,0.017241379310344827,0.05172413793103448,0.05172413793103448,0.10344827586206896,0.06896551724137931,0.07758620689655173,0.02586206896551724,0.06896551724137931
nb_003,116,-0.2189655172413793,3.0,0.25,12436.67699999999,0.11206896551724138,0.017241379310344827,0.02586206896551724,0.034482758620689655,0.04310344827586207,0.12931034482758622,0.0,0.017241379310344827,0.034482758620689655,0.05172413793103448,0.017241379310344827,0.02586206896551724,0.017241379310344827,0.0603448275862069,0.05172413793103448,0.1206896551724138,0.06896551724137931,0.07758620689655173,0.02586206896551724,0.06896551724137931
