rank,sequence_id,length,hydrophobicity,net_charge,charge_balance,molecular_weight,freq_A,freq_C,freq_D,freq_E,freq_F,freq_G,freq_H,freq_I,freq_K,freq_L,freq_M,freq_N,freq_P,freq_Q,freq_R,freq_S,freq_T,freq_V,freq_W,freq_Y,backend,confidence,stability,plddt_mean,notes,backend_requested,backend_used,pdb_file,hydrophobicity_norm,developability_score
1,nb_002,116,-0.3387931034482757,1.0,0.5,12445.599399999992,0.1034482758620689,0.0172413793103448,0.0344827586206896,0.043103448275862,0.0344827586206896,0.1379310344827586,0.0,0.0172413793103448,0.0344827586206896,0.0517241379310344,0.0172413793103448,0.043103448275862,0.0172413793103448,0.0517241379310344,0.0517241379310344,0.1034482758620689,0.0689655172413793,0.0775862068965517,0.0258620689655172,0.0689655172413793,esmfold,0.0086,0.0086,0.86,Real ESMFold inference via ESM Atlas API.,esmfold,esmfold,data/pdb/nb_002.pdb,0.4623563218390805,0.2921468965517241
2,nb_003,116,-0.2189655172413793,3.0,0.25,12436.67699999999,0.1120689655172413,0.0172413793103448,0.0258620689655172,0.0344827586206896,0.043103448275862,0.1293103448275862,0.0,0.0172413793103448,0.0344827586206896,0.0517241379310344,0.0172413793103448,0.0258620689655172,0.0172413793103448,0.0603448275862069,0.0517241379310344,0.1206896551724138,0.0689655172413793,0.0775862068965517,0.0258620689655172,0.0689655172413793,esmfold,0.0088,0.0088,0.88,Real ESMFold inference via ESM Atlas API.,esmfold,esmfold,data/pdb/nb_003.pdb,0.4756704980842912,0.22122114942528737
3,nb_001,116,-0.2646551724137931,3.0,0.25,12479.70169999999,0.1034482758620689,0.0172413793103448,0.0258620689655172,0.0344827586206896,0.043103448275862,0.1293103448275862,0.0,0.0172413793103448,0.0344827586206896,0.0517241379310344,0.0172413793103448,0.0344827586206896,0.0172413793103448,0.0603448275862069,0.0517241379310344,0.1206896551724138,0.0689655172413793,0.0775862068965517,0.0258620689655172,0.0689655172413793,esmfold,0.0089,0.0089,0.89,Real ESMFold inference via ESM Atlas API.,esmfold,esmfold,data/pdb/nb_001.pdb,0.4705938697318008,0.21973816091954024
